,LOGLACC,LOGLACC,LOGLACC,LOGLACC,LOGLACC,LOGLACC,LOGRDUST95,LOGRDUST95,LOGRDUST95,LOGRDUST95,LOGRDUST95,LOGRDUST95,N1331,N1331,N1331,N1331,N1331,N1331
,alpha,alpha_std,beta,beta_std,corr,sigma,alpha,alpha_std,beta,beta_std,corr,sigma,alpha,alpha_std,beta,beta_std,corr,sigma
Name,,,,,,,,,,,,,,,,,,
FLH2O_17,-4.018217390278012,0.09302329560189163,0.5233186644654848,0.07427621513917156,0.7001283530073281,0.3925175925376223,-3.914075083888461,0.33853164651398493,-0.3900231868165164,0.19312700137637118,-0.26266253109599313,0.5204696078390241,-4.578585374025628,0.0654955563765744,-0.16276950109551522,0.07810029884102107,-0.2605312093407036,0.5133402760247696
FLHCN,-4.117414288937331,0.08437580202843101,0.4474249649576003,0.06769363757675835,0.682515357115216,0.35205343862036126,-4.260300175295259,0.30796403774293973,-0.19564851793976257,0.1757634312235415,-0.1484356196493703,0.4767346368996093,-4.5902866093960935,0.057626372090685704,-0.17543467248854755,0.06921928495405931,-0.3119377379603139,0.45102288590557105
FLC2H2,-4.365534969150131,0.09219643327245809,0.48018849961126014,0.07306543241404548,0.6764059619128635,0.38428100773002566,-4.848458843609435,0.3359083240648369,-0.02134593032335865,0.19123909099082168,-0.015012875041768351,0.5175019170361865,-4.897457534245718,0.06229673649877431,-0.1144636357191205,0.07313977132091186,-0.1957111912077541,0.48362321271675834
FLCO2,-4.664387416229292,0.0995868063299849,0.36703581853032674,0.07822499165697931,0.5450100054288531,0.41609349262166373,-4.927100578966064,0.3173350486279601,-0.07379579060574828,0.18070443690841967,-0.05510597085346619,0.4862993571907135,-5.048104834822523,0.061354688362286774,-0.10579851232784065,0.0725815131642727,-0.18433288109278906,0.477484075749377
